,Constante,Beta1
0,-0.018271741825199934,0.21972324937830723
